﻿--/*
--Post-Deployment Script Template							
----------------------------------------------------------------------------------------
-- This file contains SQL statements that will be appended to the build script.		
-- Use SQLCMD syntax to include a file in the post-deployment script.			
-- Example:      :r .\myfile.sql								
-- Use SQLCMD syntax to reference a variable in the post-deployment script.		
-- Example:      :setvar TableName MyTable							
--               SELECT * FROM [$(TableName)]					
----------------------------------------------------------------------------------------
--*/
--SET IDENTITY_INSERT [dbo].[Sector] ON 

--INSERT [dbo].[Sector] ([Id], [Name]) VALUES (1, N'Technology')
--INSERT [dbo].[Sector] ([Id], [Name]) VALUES (2, N'Mining')
--INSERT [dbo].[Sector] ([Id], [Name]) VALUES (3, N'Art')
--INSERT [dbo].[Sector] ([Id], [Name]) VALUES (4, N'Animals')
--INSERT [dbo].[Sector] ([Id], [Name]) VALUES (5, N'Automotive')
--INSERT [dbo].[Sector] ([Id], [Name]) VALUES (6, N'Transport')
--INSERT [dbo].[Sector] ([Id], [Name]) VALUES (7, N'Beauty')
--INSERT [dbo].[Sector] ([Id], [Name]) VALUES (8, N'Finance')
--INSERT [dbo].[Sector] ([Id], [Name]) VALUES (9, N'Education')
--INSERT [dbo].[Sector] ([Id], [Name]) VALUES (10, N'Fashion')
--INSERT [dbo].[Sector] ([Id], [Name]) VALUES (11, N'Construction')
--INSERT [dbo].[Sector] ([Id], [Name]) VALUES (12, N'Energy')
--INSERT [dbo].[Sector] ([Id], [Name]) VALUES (13, N'Events')
--INSERT [dbo].[Sector] ([Id], [Name]) VALUES (14, N'Food')
--INSERT [dbo].[Sector] ([Id], [Name]) VALUES (15, N'Legal')
--INSERT [dbo].[Sector] ([Id], [Name]) VALUES (16, N'Marketing')
--INSERT [dbo].[Sector] ([Id], [Name]) VALUES (17, N'Media')
--INSERT [dbo].[Sector] ([Id], [Name]) VALUES (18, N'Music')
--INSERT [dbo].[Sector] ([Id], [Name]) VALUES (19, N'Medical')
--INSERT [dbo].[Sector] ([Id], [Name]) VALUES (20, N'Nature')
--INSERT [dbo].[Sector] ([Id], [Name]) VALUES (21, N'Photography')
--INSERT [dbo].[Sector] ([Id], [Name]) VALUES (22, N'Security')
--INSERT [dbo].[Sector] ([Id], [Name]) VALUES (23, N'Travel')
--SET IDENTITY_INSERT [dbo].[Sector] OFF
--SET IDENTITY_INSERT [dbo].[Business] ON 

--INSERT [dbo].[Business] ([Id], [Name], [RegistrationNumber], [WebsiteLink], [Description], [Address], [VideoLink], [SectorId], [Country]) VALUES (7, N'Business A', N'Reg A', NULL, N'Desc A', NULL, N'http://www.youtube.com/watch?v=X-b2Zrr8BEk', 1, N'South Africa')
--INSERT [dbo].[Business] ([Id], [Name], [RegistrationNumber], [WebsiteLink], [Description], [Address], [VideoLink], [SectorId], [Country]) VALUES (8, N'Business B', N'Reg B', NULL, N'Desc B', NULL, N'http://www.youtube.com/watch?v=X-b2Zrr8BEk', 1, N'South Africa')
--INSERT [dbo].[Business] ([Id], [Name], [RegistrationNumber], [WebsiteLink], [Description], [Address], [VideoLink], [SectorId], [Country]) VALUES (10, N'Business C', N'Reg C', NULL, N'Desc C', NULL, NULL, 1, N'South Africa')
--INSERT [dbo].[Business] ([Id], [Name], [RegistrationNumber], [WebsiteLink], [Description], [Address], [VideoLink], [SectorId], [Country]) VALUES (11, N'Business D', N'Reg D', NULL, N'Desc D', NULL, N'http://www.youtube.com/watch?v=X-b2Zrr8BEk', 2, N'South Africa')
--INSERT [dbo].[Business] ([Id], [Name], [RegistrationNumber], [WebsiteLink], [Description], [Address], [VideoLink], [SectorId], [Country]) VALUES (12, N'Business E', N'Reg E', NULL, N'Desc E', NULL, NULL, 2, N'South Africa')
--INSERT [dbo].[Business] ([Id], [Name], [RegistrationNumber], [WebsiteLink], [Description], [Address], [VideoLink], [SectorId], [Country]) VALUES (13, N'Business F', N'Reg F', NULL, N'Desc F', NULL, N'http://www.youtube.com/watch?v=X-b2Zrr8BEk', 9, N'South Africa')
--INSERT [dbo].[Business] ([Id], [Name], [RegistrationNumber], [WebsiteLink], [Description], [Address], [VideoLink], [SectorId], [Country]) VALUES (14, N'Business G', N'Reg G', NULL, N'Desc G', NULL, N'http://www.youtube.com/watch?v=X-b2Zrr8BEk', 9, N'South Africa')
--INSERT [dbo].[Business] ([Id], [Name], [RegistrationNumber], [WebsiteLink], [Description], [Address], [VideoLink], [SectorId], [Country]) VALUES (15, N'Business H', N'Reg H', NULL, N'Desc H', NULL, NULL, 9, N'South Africa')
--INSERT [dbo].[Business] ([Id], [Name], [RegistrationNumber], [WebsiteLink], [Description], [Address], [VideoLink], [SectorId], [Country]) VALUES (16, N'Business I', N'Reg I', NULL, N'Desc I', NULL, N'http://www.youtube.com/watch?v=X-b2Zrr8BEk', 9, N'South Africa')
--INSERT [dbo].[Business] ([Id], [Name], [RegistrationNumber], [WebsiteLink], [Description], [Address], [VideoLink], [SectorId], [Country]) VALUES (17, N'Business J', N'Reg J', NULL, N'Desc J', NULL, N'http://www.youtube.com/watch?v=X-b2Zrr8BEk', 4, N'South Africa')
--INSERT [dbo].[Business] ([Id], [Name], [RegistrationNumber], [WebsiteLink], [Description], [Address], [VideoLink], [SectorId], [Country]) VALUES (18, N'Business K', N'Reg K', NULL, N'Desc K', NULL, N'http://www.youtube.com/watch?v=X-b2Zrr8BEk', 4, N'South Africa')
--INSERT [dbo].[Business] ([Id], [Name], [RegistrationNumber], [WebsiteLink], [Description], [Address], [VideoLink], [SectorId], [Country]) VALUES (19, N'Business L', N'Reg L', NULL, N'Desc L', NULL, N'http://www.youtube.com/watch?v=X-b2Zrr8BEk', 1, N'Kenya')
--INSERT [dbo].[Business] ([Id], [Name], [RegistrationNumber], [WebsiteLink], [Description], [Address], [VideoLink], [SectorId], [Country]) VALUES (20, N'Business M', N'Reg M', NULL, N'Desc M', NULL, NULL, 1, N'Kenya')
--INSERT [dbo].[Business] ([Id], [Name], [RegistrationNumber], [WebsiteLink], [Description], [Address], [VideoLink], [SectorId], [Country]) VALUES (21, N'Business N', N'Reg N', NULL, N'Desc N', NULL, N'http://www.youtube.com/watch?v=X-b2Zrr8BEk', 9, N'kenya')
--INSERT [dbo].[Business] ([Id], [Name], [RegistrationNumber], [WebsiteLink], [Description], [Address], [VideoLink], [SectorId], [Country]) VALUES (22, N'Business O', N'Reg O', NULL, N'Desc O', NULL, N'http://www.youtube.com/watch?v=X-b2Zrr8BEk', 4, N'Kenya')
--INSERT [dbo].[Business] ([Id], [Name], [RegistrationNumber], [WebsiteLink], [Description], [Address], [VideoLink], [SectorId], [Country]) VALUES (23, N'Business P', N'Reg P', NULL, N'Desc P', NULL, N'http://www.youtube.com/watch?v=X-b2Zrr8BEk', 4, N'Kenya')
--INSERT [dbo].[Business] ([Id], [Name], [RegistrationNumber], [WebsiteLink], [Description], [Address], [VideoLink], [SectorId], [Country]) VALUES (24, N'Business Q', N'Reg Q', NULL, N'Desc Q', NULL, NULL, 4, N'Kenya')
--INSERT [dbo].[Business] ([Id], [Name], [RegistrationNumber], [WebsiteLink], [Description], [Address], [VideoLink], [SectorId], [Country]) VALUES (25, N'Business R', N'Reg R', NULL, N'Desc R', NULL, NULL, 4, N'Kenya')
--INSERT [dbo].[Business] ([Id], [Name], [RegistrationNumber], [WebsiteLink], [Description], [Address], [VideoLink], [SectorId], [Country]) VALUES (26, N'Business S', N'Reg S', NULL, N'Desc S', NULL, N'http://www.youtube.com/watch?v=X-b2Zrr8BEk', 4, N'Kenya')
--INSERT [dbo].[Business] ([Id], [Name], [RegistrationNumber], [WebsiteLink], [Description], [Address], [VideoLink], [SectorId], [Country]) VALUES (27, N'Business T', N'Reg T', NULL, N'Desc T', NULL, N'http://www.youtube.com/watch?v=X-b2Zrr8BEk', 4, N'Kenya')
--INSERT [dbo].[Business] ([Id], [Name], [RegistrationNumber], [WebsiteLink], [Description], [Address], [VideoLink], [SectorId], [Country]) VALUES (28, N'Business U', N'Reg U', NULL, N'Desc U', NULL, NULL, 2, N'Kenya')
--INSERT [dbo].[Business] ([Id], [Name], [RegistrationNumber], [WebsiteLink], [Description], [Address], [VideoLink], [SectorId], [Country]) VALUES (29, N'Business V', N'Reg V', NULL, N'Desc V', NULL, N'http://www.youtube.com/watch?v=X-b2Zrr8BEk', 2, N'Kenya')
--INSERT [dbo].[Business] ([Id], [Name], [RegistrationNumber], [WebsiteLink], [Description], [Address], [VideoLink], [SectorId], [Country]) VALUES (30, N'Business W', N'Reg W', NULL, N'Desc W', NULL, NULL, 2, N'Kenya')
--INSERT [dbo].[Business] ([Id], [Name], [RegistrationNumber], [WebsiteLink], [Description], [Address], [VideoLink], [SectorId], [Country]) VALUES (31, N'Business X', N'Reg X', NULL, N'Desc X', NULL, N'http://www.youtube.com/watch?v=X-b2Zrr8BEk', 2, N'Kenya')
--SET IDENTITY_INSERT [dbo].[Business] OFF
--SET IDENTITY_INSERT [dbo].[User] ON 

--INSERT [dbo].[User] ([Id], [Email], [Password], [Firstname], [Surname], [Gender], [DateOfBirth], [AboutMe], [TwitterAuthId], [Active], [ActivationToken]) VALUES (1, N'yaheda.a@gmail.com', N'1000:X2AdtQu00IM5oenuy5DaIDx8i623PQUk:Cc+e0DsG+0n/+4kElZqCSI3gbF2kajkH', N'Aboubakar', N'Yaheda', 0, CAST(0x00000000 AS Date), NULL, NULL, 1, NULL)
--INSERT [dbo].[User] ([Id], [Email], [Password], [Firstname], [Surname], [Gender], [DateOfBirth], [AboutMe], [TwitterAuthId], [Active], [ActivationToken]) VALUES (4, N'user1@email.com', N'1000:X2AdtQu00IM5oenuy5DaIDx8i623PQUk:Cc+e0DsG+0n/+4kElZqCSI3gbF2kajkH', N'User1Name', N'User1Surname', 0, CAST(0x00000000 AS Date), NULL, NULL, 1, NULL)
--INSERT [dbo].[User] ([Id], [Email], [Password], [Firstname], [Surname], [Gender], [DateOfBirth], [AboutMe], [TwitterAuthId], [Active], [ActivationToken]) VALUES (5, N'user2@email.com', N'1000:X2AdtQu00IM5oenuy5DaIDx8i623PQUk:Cc+e0DsG+0n/+4kElZqCSI3gbF2kajkH', N'User2Name', N'User2Surname', 0, CAST(0x00000000 AS Date), NULL, NULL, 1, NULL)
--INSERT [dbo].[User] ([Id], [Email], [Password], [Firstname], [Surname], [Gender], [DateOfBirth], [AboutMe], [TwitterAuthId], [Active], [ActivationToken]) VALUES (6, N'user3@email.com', N'1000:X2AdtQu00IM5oenuy5DaIDx8i623PQUk:Cc+e0DsG+0n/+4kElZqCSI3gbF2kajkH', N'User3Name', N'User3Surname', 0, CAST(0x00000000 AS Date), NULL, NULL, 1, NULL)
--INSERT [dbo].[User] ([Id], [Email], [Password], [Firstname], [Surname], [Gender], [DateOfBirth], [AboutMe], [TwitterAuthId], [Active], [ActivationToken]) VALUES (7, N'user4@email.com', N'1000:X2AdtQu00IM5oenuy5DaIDx8i623PQUk:Cc+e0DsG+0n/+4kElZqCSI3gbF2kajkH', N'User4Name', N'User4Surname', 0, CAST(0x00000000 AS Date), NULL, NULL, 1, NULL)
--INSERT [dbo].[User] ([Id], [Email], [Password], [Firstname], [Surname], [Gender], [DateOfBirth], [AboutMe], [TwitterAuthId], [Active], [ActivationToken]) VALUES (8, N'user5@email.com', N'1000:X2AdtQu00IM5oenuy5DaIDx8i623PQUk:Cc+e0DsG+0n/+4kElZqCSI3gbF2kajkH', N'User5Name', N'User5Surname', 0, CAST(0x00000000 AS Date), NULL, NULL, 1, NULL)
--SET IDENTITY_INSERT [dbo].[User] OFF
--INSERT [dbo].[UserBusiness_Bridge] ([UserId], [BusinessId]) VALUES (1, 7)
--INSERT [dbo].[UserBusiness_Bridge] ([UserId], [BusinessId]) VALUES (4, 7)
--INSERT [dbo].[UserBusiness_Bridge] ([UserId], [BusinessId]) VALUES (8, 7)
--SET IDENTITY_INSERT [dbo].[Diary] ON 

--INSERT [dbo].[Diary] ([Id], [Title], [Content], [UserID], [DateCreated]) VALUES (2, N'future past tense', N'Lorem Ipsum is simply dummy text of the printing and typesetting industry. Lorem Ipsum has been the industry''s standard dummy text ever since the 1500s, when an unknown printer took a galley of type and scrambled it to make a type specimen book. It has survived not only five centuries, but also the leap into electronic typesetting, remaining essentially unchanged. It was popularised in the 1960s with the release of Letraset sheets containing Lorem Ipsum passages, and more recently with desktop publishing software like Aldus PageMaker including versions of Lorem Ipsum', 1, CAST(0x07000000000002380B AS DateTime2))
--INSERT [dbo].[Diary] ([Id], [Title], [Content], [UserID], [DateCreated]) VALUES (3, N'In et mi id ligula malesuada gravida feugiat eu lectus.', N'Aliquam ornare metus et velit ornare sollicitudin. Aliquam laoreet eu nunc sit amet vehicula. Suspendisse faucibus nulla eget turpis molestie, sed tristique quam suscipit. Nulla facilisis purus quam, nec varius lacus euismod in. Lorem ipsum dolor sit amet, consectetur adipiscing elit. Quisque id justo fringilla est ultricies ultrices non a ligula. Ut tincidunt nunc cursus arcu euismod, id aliquet urna eleifend. Praesent sit amet bibendum tortor', 1, CAST(0x0700000000003D380B AS DateTime2))
--INSERT [dbo].[Diary] ([Id], [Title], [Content], [UserID], [DateCreated]) VALUES (4, N'Cras rutrum augue et blandit vulputate.', N'Aenean dapibus est non erat luctus viverra.', 1, CAST(0x07000000000040380B AS DateTime2))
--INSERT [dbo].[Diary] ([Id], [Title], [Content], [UserID], [DateCreated]) VALUES (5, N'Proin ultricies nulla a rhoncus lobortis.', N'Curabitur non rutrum erat. Vestibulum tristique nec magna nec fringilla. Nunc at dapibus tellus, consectetur ultrices enim. Duis id porttitor lectus. Duis nisl leo, interdum ac sagittis non, placerat et dolor. Vivamus at condimentum risus. Duis quis augue felis. Duis tempus varius felis et congue. Aenean condimentum in ante porttitor aliquam. Fusce congue nulla eget ipsum adipiscing, vitae blandit nulla rutrum. Etiam pharetra posuere dignissim. Vivamus tortor turpis, fringilla sit amet ante sit amet, tempor viverra purus. Sed porttitor eros quis vestibulum tincidunt. Donec rutrum lorem in dolor dapibus blandit. Nulla facilisi. Fusce vitae enim ac turpis pellentesque sodales.', 1, CAST(0x07000000000045380B AS DateTime2))
--INSERT [dbo].[Diary] ([Id], [Title], [Content], [UserID], [DateCreated]) VALUES (6, N'Praesent non eros', N'Sed luctus tortor in enim interdum sodales. Mauris purus augue, accumsan eget accumsan et, interdum et metus. Etiam vulputate auctor sapien, congue volutpat turpis dictum vel. Sed vel tempor nunc. Suspendisse tempor est non enim lacinia dictum. Pellentesque eu ornare metus. Praesent pretium tempus lacus nec dictum. Ut mauris nisi, fringilla eget tortor ut, consequat adipiscing ipsum. Maecenas viverra suscipit arcu, nec bibendum dolor euismod ut.', 1, CAST(0x07000000000010380B AS DateTime2))
--INSERT [dbo].[Diary] ([Id], [Title], [Content], [UserID], [DateCreated]) VALUES (7, N'Duis laoreet', N'In interdum pharetra est, ut pharetra ante imperdiet vitae. Etiam in magna eget nunc adipiscing scelerisque in et urna. Phasellus vel erat vitae arcu scelerisque tincidunt. Cum sociis natoque penatibus et magnis dis parturient montes, nascetur ridiculus mus. Nullam rutrum diam sed fermentum vestibulum. Praesent mattis ullamcorper ligula vel rutrum. Integer dictum imperdiet neque, non adipiscing ante malesuada in. Sed condimentum urna at orci adipiscing, in consequat neque pulvinar. Fusce pharetra posuere lectus id aliquam. Aliquam dictum elit mauris, in lobortis nisi vestibulum at. Donec iaculis eleifend ligula, sit amet convallis augue ornare quis. Vivamus odio nibh, eleifend id nisl ut, laoreet elementum lacus. Proin posuere nisl quis pharetra egestas. Nulla sit amet commodo sapien, ut iaculis dui.', 1, CAST(0x0700000000002D380B AS DateTime2))
--INSERT [dbo].[Diary] ([Id], [Title], [Content], [UserID], [DateCreated]) VALUES (8, N'Nam vehicula libero vel sapien porta scelerisque', N'Nullam non iaculis ante. Donec risus leo, cursus id elementum id, viverra nec purus. Nam vulputate dui leo. Cras eros orci, consequat sed metus non, faucibus vehicula nunc. In libero nisl, vehicula eget consequat ut, tincidunt sit amet turpis. Praesent convallis blandit velit, vel bibendum mauris suscipit eu. Cum sociis natoque penatibus et magnis dis parturient montes, nascetur ridiculus mus. Vivamus lacus massa, viverra eu felis vitae, tincidunt blandit erat. Integer erat lectus, ullamcorper pharetra semper laoreet, ultricies non dui. Nam id tellus mi. Etiam vitae accumsan quam. Vivamus consequat massa et malesuada facilisis. Phasellus non egestas justo. Phasellus condimentum mi ac nisl tincidunt, ac porta ligula viverra. Duis sed bibendum metus. Duis sem enim, sodales ac diam sit amet, porttitor fermentum massa.', 1, CAST(0x0700000000004F380B AS DateTime2))
--INSERT [dbo].[Diary] ([Id], [Title], [Content], [UserID], [DateCreated]) VALUES (9, N'Quisque lacinia neque', N'Mauris viverra lacus ac orci viverra fermentum. Vivamus porta tortor ac condimentum convallis. Vestibulum lobortis non justo et venenatis. Aliquam quis massa eu risus venenatis vehicula vel ut mauris. Pellentesque id enim eu dui laoreet sodales commodo sed erat. Suspendisse commodo diam urna, et tincidunt urna commodo quis. Nam eleifend volutpat felis et congue. Mauris id purus scelerisque, tempus felis vel, ultricies dui. Donec consequat urna non vulputate tincidunt. Mauris non sodales risus, sit amet posuere massa. Morbi volutpat ac nulla eget volutpat. Cras fringilla tristique consequat. Donec iaculis gravida blandit. Sed porttitor placerat molestie. In vestibulum, sem id bibendum malesuada, odio quam tincidunt turpis, in pellentesque ipsum ante sed tortor.', 1, CAST(0x0700000000004F380B AS DateTime2))
--INSERT [dbo].[Diary] ([Id], [Title], [Content], [UserID], [DateCreated]) VALUES (10, N'Nullam at nisi scelerisque orci vulputate tincidunt.', N'Mauris sagittis, purus vestibulum vestibulum dictum, augue odio lobortis lectus, imperdiet sollicitudin erat lacus in enim. Nunc ac augue aliquet orci mollis dapibus ac ut mi. Nullam ullamcorper sollicitudin adipiscing. Donec porta facilisis porta. Nulla facilisi. Mauris ac fringilla sapien. Nullam vel pulvinar ligula. Class aptent taciti sociosqu ad litora torquent per conubia nostra, per inceptos himenaeos. Sed convallis condimentum leo id commodo.', 1, CAST(0x0700000000004F380B AS DateTime2))
--INSERT [dbo].[Diary] ([Id], [Title], [Content], [UserID], [DateCreated]) VALUES (11, N'Vivamus id massa', N'Aenean id bibendum metus. Proin in feugiat nibh. Fusce ornare vehicula urna, ornare faucibus lacus eleifend sit amet. Maecenas a sollicitudin nulla. Phasellus sit amet orci eu massa rhoncus gravida a vel magna. Praesent lobortis pellentesque lacinia. Vestibulum tristique mattis neque, sit amet malesuada dui ullamcorper id.', 1, CAST(0x07000000000050380B AS DateTime2))
--INSERT [dbo].[Diary] ([Id], [Title], [Content], [UserID], [DateCreated]) VALUES (12, N'Aliquam sollicitudin', N'Donec sit amet eleifend lacus. In tincidunt venenatis magna, vitae suscipit tortor luctus quis. Sed et venenatis justo, non vestibulum ante. Curabitur ullamcorper cursus laoreet. Vestibulum tempus lacus tempor metus elementum, nec aliquet risus rutrum. Pellentesque ut mauris ultrices, faucibus urna non, blandit urna. Sed bibendum risus nec facilisis luctus. Curabitur vitae ligula nibh. Phasellus lectus arcu, accumsan ac semper sed, convallis id odio. Morbi ac orci et neque eleifend eleifend. Cras mi arcu, vulputate ac orci at, tristique euismod arcu. Duis sagittis justo nulla, vitae consequat lacus lobortis sit amet. In at eleifend sem.', 1, CAST(0x07000000000050380B AS DateTime2))
--INSERT [dbo].[Diary] ([Id], [Title], [Content], [UserID], [DateCreated]) VALUES (16, N'eating at milkylane', N'Having icecream at milkylane is cool.', 1, CAST(0x07F02F33F17459380B AS DateTime2))
--SET IDENTITY_INSERT [dbo].[Diary] OFF
--INSERT [dbo].[DiaryBusiness_Bridge] ([DiaryId], [BusinessId]) VALUES (2, 7)
--INSERT [dbo].[DiaryBusiness_Bridge] ([DiaryId], [BusinessId]) VALUES (3, 7)
--INSERT [dbo].[DiaryBusiness_Bridge] ([DiaryId], [BusinessId]) VALUES (4, 7)
--INSERT [dbo].[DiaryBusiness_Bridge] ([DiaryId], [BusinessId]) VALUES (5, 7)
--INSERT [dbo].[DiaryBusiness_Bridge] ([DiaryId], [BusinessId]) VALUES (6, 7)
--INSERT [dbo].[DiaryBusiness_Bridge] ([DiaryId], [BusinessId]) VALUES (7, 7)
--INSERT [dbo].[DiaryBusiness_Bridge] ([DiaryId], [BusinessId]) VALUES (8, 7)
--INSERT [dbo].[DiaryBusiness_Bridge] ([DiaryId], [BusinessId]) VALUES (9, 7)
--INSERT [dbo].[DiaryBusiness_Bridge] ([DiaryId], [BusinessId]) VALUES (10, 7)
--INSERT [dbo].[DiaryBusiness_Bridge] ([DiaryId], [BusinessId]) VALUES (11, 7)
--INSERT [dbo].[DiaryBusiness_Bridge] ([DiaryId], [BusinessId]) VALUES (12, 7)
--INSERT [dbo].[DiaryBusiness_Bridge] ([DiaryId], [BusinessId]) VALUES (16, 8)
--SET IDENTITY_INSERT [dbo].[Tag] ON 

--INSERT [dbo].[Tag] ([Id], [Text]) VALUES (2, N'AFRICA')
--INSERT [dbo].[Tag] ([Id], [Text]) VALUES (3, N'TRADE')
--INSERT [dbo].[Tag] ([Id], [Text]) VALUES (4, N'ROOM')
--INSERT [dbo].[Tag] ([Id], [Text]) VALUES (5, N'DRINK UP')
--INSERT [dbo].[Tag] ([Id], [Text]) VALUES (6, N'POUR UP')
--INSERT [dbo].[Tag] ([Id], [Text]) VALUES (7, N'HELLO')
--INSERT [dbo].[Tag] ([Id], [Text]) VALUES (8, N'TEST ME')
--INSERT [dbo].[Tag] ([Id], [Text]) VALUES (9, N'TEST 123')
--INSERT [dbo].[Tag] ([Id], [Text]) VALUES (10, N'NEW BORN')
--INSERT [dbo].[Tag] ([Id], [Text]) VALUES (11, N'REVENGE')
--INSERT [dbo].[Tag] ([Id], [Text]) VALUES (12, N'TAKE OVER')
--INSERT [dbo].[Tag] ([Id], [Text]) VALUES (13, N'NICE WORK')
--INSERT [dbo].[Tag] ([Id], [Text]) VALUES (14, N'AMAZING')
--INSERT [dbo].[Tag] ([Id], [Text]) VALUES (15, N'STARTUP')
--INSERT [dbo].[Tag] ([Id], [Text]) VALUES (16, N'MERGE')
--INSERT [dbo].[Tag] ([Id], [Text]) VALUES (17, N'RESOLUTION')
--INSERT [dbo].[Tag] ([Id], [Text]) VALUES (18, N'COOL')
--INSERT [dbo].[Tag] ([Id], [Text]) VALUES (19, N'PANDO MONTHLY')
--INSERT [dbo].[Tag] ([Id], [Text]) VALUES (20, N'ICECREAM')
--SET IDENTITY_INSERT [dbo].[Tag] OFF
--INSERT [dbo].[DiaryTag_Bridge] ([DiaryId], [TagId]) VALUES (2, 2)
--INSERT [dbo].[DiaryTag_Bridge] ([DiaryId], [TagId]) VALUES (2, 7)
--INSERT [dbo].[DiaryTag_Bridge] ([DiaryId], [TagId]) VALUES (2, 14)
--INSERT [dbo].[DiaryTag_Bridge] ([DiaryId], [TagId]) VALUES (2, 15)
--INSERT [dbo].[DiaryTag_Bridge] ([DiaryId], [TagId]) VALUES (3, 16)
--INSERT [dbo].[DiaryTag_Bridge] ([DiaryId], [TagId]) VALUES (3, 17)
--INSERT [dbo].[DiaryTag_Bridge] ([DiaryId], [TagId]) VALUES (4, 18)
--INSERT [dbo].[DiaryTag_Bridge] ([DiaryId], [TagId]) VALUES (5, 2)
--INSERT [dbo].[DiaryTag_Bridge] ([DiaryId], [TagId]) VALUES (6, 2)
--INSERT [dbo].[DiaryTag_Bridge] ([DiaryId], [TagId]) VALUES (6, 3)
--INSERT [dbo].[DiaryTag_Bridge] ([DiaryId], [TagId]) VALUES (6, 13)
--INSERT [dbo].[DiaryTag_Bridge] ([DiaryId], [TagId]) VALUES (7, 2)
--INSERT [dbo].[DiaryTag_Bridge] ([DiaryId], [TagId]) VALUES (7, 13)
--INSERT [dbo].[DiaryTag_Bridge] ([DiaryId], [TagId]) VALUES (7, 15)
--INSERT [dbo].[DiaryTag_Bridge] ([DiaryId], [TagId]) VALUES (8, 11)
--INSERT [dbo].[DiaryTag_Bridge] ([DiaryId], [TagId]) VALUES (8, 12)
--INSERT [dbo].[DiaryTag_Bridge] ([DiaryId], [TagId]) VALUES (9, 7)
--INSERT [dbo].[DiaryTag_Bridge] ([DiaryId], [TagId]) VALUES (9, 8)
--INSERT [dbo].[DiaryTag_Bridge] ([DiaryId], [TagId]) VALUES (10, 2)
--INSERT [dbo].[DiaryTag_Bridge] ([DiaryId], [TagId]) VALUES (10, 3)
--INSERT [dbo].[DiaryTag_Bridge] ([DiaryId], [TagId]) VALUES (10, 13)
--INSERT [dbo].[DiaryTag_Bridge] ([DiaryId], [TagId]) VALUES (11, 4)
--INSERT [dbo].[DiaryTag_Bridge] ([DiaryId], [TagId]) VALUES (11, 5)
--INSERT [dbo].[DiaryTag_Bridge] ([DiaryId], [TagId]) VALUES (11, 17)
--INSERT [dbo].[DiaryTag_Bridge] ([DiaryId], [TagId]) VALUES (11, 18)
--INSERT [dbo].[DiaryTag_Bridge] ([DiaryId], [TagId]) VALUES (12, 2)
--INSERT [dbo].[DiaryTag_Bridge] ([DiaryId], [TagId]) VALUES (12, 6)
--INSERT [dbo].[DiaryTag_Bridge] ([DiaryId], [TagId]) VALUES (12, 7)
--INSERT [dbo].[DiaryTag_Bridge] ([DiaryId], [TagId]) VALUES (16, 2)
--INSERT [dbo].[DiaryTag_Bridge] ([DiaryId], [TagId]) VALUES (16, 3)
--INSERT [dbo].[DiaryTag_Bridge] ([DiaryId], [TagId]) VALUES (16, 20)

